"img001,1"
"img002,1"
"img003,1"
"img004,1"
"img005,1"
"img006,1"
"img007,1"
"img008,1"
"img009,1"
"img010,1"
"img011,1"
"img012,1"
"img013,1"
"img014,1"
"img015,1"
"img016,1"
"img017,1"
"img018,1"
"img019,1"
"img020,1"
"img021,1"
"img022,1"
"img023,1"
"img024,1"
"img025,1"
"img026,1"
"img027,1"
"img028,1"
"img029,1"
"img030,1"
"img031,1"
"img032,1"
"img033,1"
"img034,1"
"img035,1"
"img036,1"
"img037,1"
"img038,1"
"img039,1"
"img040,1"
"img041,1"
"img042,1"
"img043,1"
"img044,1"
"img045,1"
"img046,1"
"img047,1"
"img048,1"
"img049,1"
"img050,1"
"img051,1"
"img052,1"
"img053,1"
"img054,1"
"img055,1"
"img056,1"
"img057,1"
"img058,1"
"img059,1"
"img060,1"
"img061,1"
"img062,1"
"img063,1"
"img064,1"
"img065,1"
"img066,1"
"img067,1"
"img068,1"
"img069,1"
"img070,1"
"img071,1"
"img072,1"
"img073,1"
"img074,1"
"img075,1"
"img076,1"
"img077,1"
"img078,1"
"img079,1"
"img080,1"
"img081,1"
"img082,1"
"img083,1"
"img084,1"
"img085,1"
"img086,1"
"img087,1"
"img088,1"
"img089,1"
"img090,1"
"img091,1"
"img092,1"
"img093,1"
"img094,1"
"img095,1"
"img096,1"
"img097,1"
"img098,1"
"img099,1"
"img100,1"
"img101,1"
"img102,1"
"img103,1"
"img104,1"
"img105,1"
"img106,1"
"img107,1"
"img108,1"
"img109,1"
"img110,1"
"img111,1"
"img112,1"
"img113,1"
"img114,1"
"img115,1"
"img116,1"
"img117,1"
"img118,1"
"img119,1"
"img120,1"
"img121,1"
"img122,1"
"img123,1"
"img124,1"
"img125,1"
"img126,1"
"img127,1"
"img128,1"
"img129,1"
"img130,1"
"img131,1"
"img132,1"
"img133,1"
"img134,1"
"img135,1"
"img136,1"
"img137,1"
"img138,1"
"img139,1"
"img140,1"
"img141,1"
"img142,1"
"img143,1"
"img144,1"
"img145,1"
"img146,1"
"img147,1"
"img148,1"
"img149,1"
"img150,1"
"img151,1"
"img152,1"
"img153,1"
"img154,1"
"img155,1"
"img156,1"
"img157,1"
"img158,1"
"img159,1"
"img160,1"
"img161,1"
"img162,1"
"img163,1"
"img164,1"
"img165,1"
"img166,1"
"img167,1"
"img168,1"
"img169,1"
"img170,1"
"img171,1"
"img172,1"
"img173,1"
"img174,1"
"img175,1"
"img176,1"
"img177,1"
"img178,1"
"img179,1"
"img180,1"
"img181,1"
"img182,1"
"img183,1"
"img184,1"
"img185,1"
"img186,1"
"img187,1"
"img188,1"
"img189,1"
"img190,1"
"img191,1"
"img192,1"
"img193,1"
"img194,1"
"img195,1"
"img196,1"
"img197,1"
"img198,1"
"img199,1"
"img200,1"
"img201,1"
"img202,1"
"img203,1"
"img204,1"
"img205,1"
"img206,1"
"img207,1"
"img208,1"
"img209,1"
"img210,1"
"img211,1"
"img212,1"
"img213,1"
"img214,1"
"img215,1"
"img216,1"
"img217,1"
"img218,1"
"img219,1"
"img220,1"
"img221,1"
"img222,1"
"img223,1"
"img224,1"
"img225,1"
"img226,1"
"img227,1"
"img228,1"
"img229,1"
"img230,1"
"img231,1"
"img232,1"
"img233,1"
"img234,1"
"img235,1"
"img236,1"
"img237,1"
"img238,1"
"img239,1"
"img240,1"
"img241,1"
"img242,1"
"img243,1"
"img244,1"
"img245,1"
"img246,1"
"img247,1"
"img248,1"
"img249,1"
"img250,1"
"img251,1"
"img252,1"
"img253,1"
"img254,1"
"img255,1"
"img256,1"
"img257,1"
"img258,1"
"img259,1"
"img260,1"
"img261,1"
"img262,1"
"img263,1"
"img264,1"
"img265,1"
"img266,1"
"img267,1"
"img268,1"
"img269,1"
"img270,1"
"img271,1"
"img272,1"
"img273,1"
"img274,1"
"img275,1"
"img276,1"
"img277,1"
"img278,1"
"img279,1"
"img280,0"
"img281,0"
"img282,0"
"img283,0"
"img284,0"
"img285,0"
"img286,0"
"img287,0"
"img288,0"
"img289,0"
"img290,0"
"img291,0"
"img292,0"
"img293,0"
"img294,0"
"img295,0"
"img296,0"
"img297,0"
"img298,0"
"img299,0"
"img300,0"
"img301,0"
"img302,0"
"img303,0"
"img304,0"
"img305,0"
"img306,0"
"img307,0"
"img308,0"
"img309,0"
"img310,0"
"img311,0"
"img312,0"
"img313,0"
"img314,0"
"img315,0"
"img316,0"
"img317,0"
"img318,0"
"img319,0"
"img320,0"
"img321,0"
"img322,0"
"img323,0"
"img324,0"
"img325,0"
"img326,0"
"img327,0"
"img328,0"
"img329,0"
"img330,0"
"img331,0"
"img332,0"
"img333,0"
"img334,0"
"img335,0"
"img336,0"
"img337,0"
"img338,0"
"img339,0"
"img340,0"
"img341,0"
"img342,0"
"img343,0"
"img344,0"
"img345,0"
"img346,0"
"img347,0"
"img348,0"
"img349,0"
"img350,0"
"img351,0"
"img352,0"
"img353,0"
"img354,0"
"img355,0"
"img356,0"
"img357,0"
"img358,0"
"img359,0"
"img360,0"
"img361,0"
"img362,0"
"img363,0"
"img364,0"
"img365,0"
"img366,0"
"img367,0"
"img368,0"
"img369,0"
"img370,0"
"img371,0"
"img372,0"
"img373,0"
"img374,0"
"img375,0"
"img376,0"
"img377,0"
"img378,0"
"img379,0"
"img380,0"
"img381,0"
"img382,0"
"img383,0"
"img384,0"
"img385,0"
"img386,0"
"img387,0"
"img388,0"
"img389,0"
"img390,0"
"img391,0"
"img392,0"
"img393,0"
"img394,0"
"img395,0"
"img396,0"
"img397,0"
"img398,0"
"img399,0"
"img400,0"
"img401,0"
"img402,0"
"img403,0"
"img404,0"
"img405,0"
"img406,0"
"img407,0"
"img408,0"
"img409,0"
"img410,0"
"img411,0"
"img412,0"
"img413,0"
"img414,0"
"img415,0"
"img416,0"
"img417,0"
"img418,0"
"img419,0"
"img420,0"
"img421,0"
"img422,0"
"img423,0"
"img424,0"
"img425,0"
"img426,0"
"img427,0"
"img428,0"
"img429,0"
"img430,0"
"img431,0"
"img432,0"
"img433,0"
"img434,0"
"img435,0"
"img436,0"
"img437,0"
"img438,0"
"img439,0"
"img440,0"
"img441,0"
"img442,0"
"img443,0"
"img444,0"
"img445,0"
"img446,0"
"img447,0"
"img448,0"
"img449,0"
"img450,0"
"img451,0"
"img452,0"
"img453,0"
"img454,0"
"img455,0"
"img456,0"
"img457,0"
"img458,0"
"img459,0"
"img460,0"
"img461,0"
"img462,0"
"img463,0"
"img464,0"
"img465,0"
"img466,0"
"img467,0"
"img468,0"
"img469,0"
"img470,0"
"img471,0"
"img472,0"
"img473,0"
"img474,0"
"img475,0"
"img476,0"
"img477,0"
"img478,0"
"img479,0"
"img480,0"
"img481,0"
"img482,0"
"img483,0"
"img484,0"
"img485,0"
"img486,0"
"img487,0"
"img488,0"
"img489,0"
"img490,0"
"img491,0"
"img492,0"
"img493,0"
"img494,0"
"img495,0"
"img496,0"
"img497,0"
"img498,0"
"img499,0"
"img500,0"
"img501,0"
"img502,0"
"img503,0"
"img504,0"
"img505,0"
"img506,0"
"img507,0"
"img508,0"
"img509,0"
"img510,0"
"img511,0"
"img512,0"
"img513,0"
"img514,0"
"img515,0"
"img516,0"
"img517,0"
"img518,0"
"img519,0"
"img520,0"
"img521,0"
"img522,0"
"img523,0"
"img524,0"
"img525,0"
"img526,0"
"img527,0"
"img528,0"
"img529,0"
"img530,0"
"img531,0"
"img532,0"
"img533,0"
"img534,0"
"img535,0"
"img536,0"
"img537,0"
"img538,0"
"img539,0"
"img540,0"
"img541,0"
"img542,0"
"img543,0"
"img544,0"
"img545,0"
"img546,0"
"img547,0"
"img548,0"
"img549,0"
"img550,0"
"img551,0"
"img552,0"
"img553,0"
"img554,0"
"img555,0"
"img556,0"
"img557,0"
"img558,0"
"img559,0"
"img560,0"
"img561,0"
"img562,0"
"img563,0"
"img564,0"
"img565,0"
"img566,0"
"img567,0"
"img568,0"
"img569,0"
"img570,0"
"img571,0"
"img572,0"
"img573,0"
"img574,0"
"img575,0"
"img576,0"
"img577,0"
"img578,0"
"img579,0"
"img580,0"
"img581,0"
"img582,0"
"img583,0"
"img584,0"
"img585,0"
"img586,0"
"img587,0"
"img588,0"
"img589,0"
"img590,0"
"img591,0"
"img592,0"
"img593,0"
"img594,0"
"img595,0"
"img596,0"
"img597,0"
"img598,0"
"img599,0"
"img600,0"
"img601,0"
"img602,0"
"img603,0"
"img604,0"
"img605,0"
"img606,0"
"img607,0"
"img608,0"
"img609,0"
"img610,0"
"img611,0"
"img612,0"
"img613,0"
"img614,0"
"img615,0"
"img616,0"
"img617,0"
"img618,0"
"img619,0"
"img620,0"
"img621,0"
"img622,0"
"img623,0"
"img624,0"
"img625,0"
"img626,0"
"img627,0"
"img628,0"
"img629,0"
"img630,0"
"img631,0"
"img632,0"
"img633,0"
"img634,0"
"img635,0"
"img636,0"
"img637,0"
"img638,0"
"img639,0"
"img640,0"
"img641,0"
"img642,0"
"img643,0"
"img644,0"
"img645,0"
"img646,0"
"img647,0"
"img648,0"
"img649,0"
"img650,0"
"img651,0"
"img652,0"
"img653,0"
"img654,0"
"img655,0"
"img656,0"
"img657,0"
"img658,0"
"img659,0"
"img660,0"
"img661,0"
"img662,0"
"img663,0"
"img664,0"
"img665,0"
"img666,0"
"img667,0"
"img668,0"
"img669,0"
"img670,0"
"img671,0"
"img672,0"
"img673,0"
"img674,0"
"img675,0"
"img676,0"
"img677,0"
"img678,0"
"img679,0"
"img680,0"
"img681,0"
"img682,0"
"img683,0"
"img684,0"
"img685,0"
"img686,0"
"img687,0"
"img688,0"
"img689,0"
"img690,0"
"img691,0"
"img692,0"
"img693,0"
"img694,0"
"img695,0"
"img696,0"
"img697,0"
"img698,0"
"img699,0"
"img700,0"
"img701,0"
"img702,0"
"img703,0"
"img704,0"
"img705,0"
"img706,0"
"img707,0"
"img708,0"
"img709,0"
"img710,0"
"img711,0"
"img712,0"
"img713,0"
"img714,0"
"img715,0"
"img716,0"
"img717,0"
"img718,0"
"img719,0"
"img720,0"
"img721,0"
"img722,0"
"img723,0"
"img724,0"
"img725,0"
"img726,0"
"img727,0"
"img728,0"
"img729,0"
"img730,0"
"img731,0"
"img732,0"
"img733,0"
"img734,0"
"img735,0"
"img736,0"
"img737,0"
"img738,0"
"img739,0"
"img740,0"
"img741,0"
"img742,0"
"img743,0"
"img744,0"
"img745,0"
"img746,0"
"img747,0"
"img748,0"
"img749,0"
"img750,0"
"img751,0"
"img752,0"
"img753,0"
"img754,0"
"img755,0"
"img756,0"
"img757,0"
"img758,0"
"img759,0"
"img760,0"
"img761,0"
"img762,0"
"img763,0"
"img764,0"
"img765,0"
"img766,0"
"img767,0"
"img768,0"
"img769,0"
"img770,0"
"img771,0"
"img772,0"
"img773,0"
"img774,0"
"img775,0"
"img776,0"
"img777,0"
"img778,0"
"img779,0"
"img780,0"
"img781,0"
"img782,0"
"img783,0"
"img784,0"
"img785,0"
"img786,0"
"img787,0"
"img788,0"
"img789,0"
"img790,0"
"img791,0"
"img792,0"
"img793,0"
"img794,0"
"img795,0"
"img796,0"
"img797,0"
"img798,0"
"img799,0"
"img800,0"
"img801,0"
"img802,0"
"img803,0"
"img804,0"
"img805,0"
"img806,0"
"img807,0"
"img808,0"
"img809,0"
"img810,0"
"img811,0"
"img812,0"
"img813,0"
"img814,0"
"img815,0"
"img816,0"
"img817,0"
"img818,0"
"img819,0"
"img820,0"
"img821,0"
"img822,0"
"img823,0"
"img824,0"
"img825,0"
"img826,0"
"img827,0"
"img828,0"
"img829,0"
"img830,0"
"img831,0"
"img832,0"
"img833,0"
"img834,0"
"img835,0"
"img836,0"
"img837,0"
"img838,0"
"img839,0"
"img840,0"
"img841,0"
"img842,0"
"img843,0"
"img844,0"
"img845,0"
"img846,0"
"img847,0"
"img848,0"
"img849,0"
"img850,0"
"img851,0"
"img852,0"
"img853,0"
"img854,0"
"img855,0"
"img856,0"
"img857,0"
"img858,0"
"img859,0"
"img860,0"
"img861,0"
"img862,0"
"img863,0"
"img864,0"
"img865,0"
"img866,0"
"img867,0"
"img868,0"
"img869,0"
"img870,0"
"img871,0"
"img872,0"
"img873,0"
"img874,0"
"img875,0"
"img876,0"
"img877,0"
"img878,0"
"img879,0"
"img880,0"
"img881,0"
"img882,0"
"img883,0"
"img884,0"
"img885,0"
"img886,0"
"img887,0"
"img888,0"
"img889,0"
"img890,0"
"img891,0"
"img892,0"
"img893,0"
"img894,0"
"img895,0"
"img896,0"
"img897,0"
"img898,0"
"img899,0"
"img900,0"
"img901,0"
"img902,0"
"img903,0"
"img904,0"
"img905,0"
"img906,0"
"img907,0"
"img908,0"
"img909,0"
"img910,0"
"img911,0"
"img912,0"
"img913,0"
"img914,0"
"img915,0"
"img916,0"
"img917,0"
"img918,0"
"img919,0"
"img920,0"
"img921,0"
"img922,0"
"img923,0"
"img924,0"
"img925,0"
"img926,0"
"img927,0"
"img928,0"
"img929,0"
"img930,0"
"img931,0"
"img932,0"
"img933,0"
"img934,0"
"img935,0"
"img936,0"
"img937,0"
"img938,0"
"img939,0"
"img940,0"
"img941,0"
"img942,0"
"img943,0"
"img944,0"
"img945,0"
"img946,0"
"img947,0"
"img948,0"
"img949,0"
"img950,0"
"img951,0"
"img952,0"
"img953,0"
"img954,0"
"img955,0"
"img956,0"
"img957,0"
"img958,0"
"img959,0"
"img960,0"
"img961,0"
"img962,0"
"img963,0"
"img964,0"
"img965,0"
"img966,0"
"img967,0"
"img968,0"
"img969,0"
"img970,0"
"img971,0"
"img972,0"
"img973,0"
"img974,0"
"img975,0"
"img976,0"
"img977,0"
"img978,0"
"img979,0"
"img980,0"
"img981,0"
"img982,0"
"img983,0"
"img984,0"
"img985,0"
"img986,0"
"img987,0"
"img988,0"
"img989,0"
"img990,0"
"img991,0"
"img992,0"
"img993,0"
"img994,0"
"img995,0"
"img996,0"
"img997,0"
"img998,0"
"img999,0"
"img1000,0"
"img1001,0"
"img1002,0"
"img1003,0"
"img1004,0"
"img1005,0"
"img1006,0"
"img1007,0"
"img1008,0"
"img1009,0"
"img1010,0"
"img1011,0"
"img1012,0"
"img1013,0"
"img1014,0"
"img1015,0"
"img1016,0"
"img1017,0"
"img1018,0"
"img1019,0"
"img1020,0"
"img1021,0"
"img1022,0"
"img1023,0"
"img1024,0"
"img1025,0"
"img1026,0"
"img1027,0"
"img1028,0"
"img1029,0"
"img1030,0"
"img1031,0"
"img1032,0"
"img1033,0"
"img1034,0"
"img1035,0"
"img1036,0"
"img1037,0"
"img1038,0"
"img1039,0"
"img1040,0"
"img1041,0"
"img1042,0"
"img1043,0"
"img1044,0"
"img1045,0"
"img1046,0"
"img1047,0"
"img1048,0"
"img1049,0"
"img1050,0"
"img1051,0"
"img1052,0"
"img1053,0"
"img1054,0"
"img1055,0"
"img1056,0"
"img1057,0"
"img1058,0"
"img1059,0"
"img1060,0"
"img1061,0"
"img1062,0"
"img1063,0"
"img1064,0"
"img1065,0"
"img1066,0"
"img1067,0"
"img1068,0"
"img1069,0"
"img1070,0"
"img1071,0"
"img1072,0"
"img1073,0"
"img1074,0"
"img1075,0"
"img1076,0"
"img1077,0"
"img1078,0"
"img1079,0"
"img1080,0"
"img1081,0"
"img1082,0"
"img1083,0"
"img1084,0"
"img1085,0"
"img1086,0"
"img1087,0"
"img1088,0"
"img1089,0"
"img1090,0"
"img1091,0"
"img1092,0"
"img1093,0"
"img1094,0"
"img1095,0"
"img1096,0"
"img1097,0"
"img1098,0"
"img1099,0"
"img1100,0"
"img1101,0"
"img1102,0"
"img1103,0"
"img1104,0"
"img1105,0"
"img1106,0"
"img1107,0"
"img1108,0"
"img1109,0"
"img1110,0"
"img1111,0"
"img1112,0"
"img1113,0"
"img1114,0"
"img1115,0"
"img1116,0"
"img1117,0"
"img1118,0"
"img1119,0"
"img1120,0"
"img1121,0"
"img1122,0"
"img1123,0"
"img1124,0"
"img1125,0"
"img1126,0"
"img1127,0"
"img1128,0"
"img1129,0"
"img1130,0"
"img1131,0"
"img1132,0"
"img1133,0"
"img1134,0"
"img1135,0"
"img1136,0"
"img1137,0"
"img1138,0"
"img1139,0"
"img1140,0"
"img1141,0"
"img1142,0"
"img1143,0"
"img1144,0"
"img1145,0"
"img1146,0"
"img1147,0"
"img1148,0"
"img1149,0"
"img1150,0"
"img1151,0"
"img1152,0"
"img1153,0"
"img1154,0"
"img1155,0"
"img1156,0"
"img1157,0"
"img1158,0"
"img1159,0"
"img1160,0"
"img1161,0"
"img1162,0"
"img1163,0"
"img1164,0"
"img1165,0"
"img1166,0"
"img1167,0"
"img1168,0"
"img1169,0"
"img1170,0"
"img1171,0"
"img1172,0"
"img1173,0"
"img1174,0"
"img1175,0"
"img1176,0"
"img1177,0"
"img1178,0"
"img1179,0"
"img1180,0"
"img1181,0"
"img1182,0"
"img1183,0"
"img1184,0"
"img1185,0"
"img1186,0"
"img1187,0"
"img1188,0"
"img1189,0"
"img1190,0"
"img1191,0"
"img1192,0"
"img1193,0"
"img1194,0"
"img1195,0"
"img1196,0"
"img1197,0"
"img1198,0"
"img1199,0"
"img1200,0"
"img1201,0"
"img1202,0"
"img1203,0"
"img1204,0"
"img1205,0"
"img1206,0"
"img1207,0"
"img1208,0"
"img1209,0"
"img1210,0"
"img1211,0"
"img1212,0"
"img1213,0"
"img1214,0"
"img1215,0"
"img1216,0"
"img1217,0"
"img1218,0"
"img1219,0"
"img1220,0"
"img1221,0"
"img1222,0"
"img1223,0"
"img1224,0"
"img1225,0"
"img1226,0"
"img1227,0"
"img1228,0"
"img1229,0"
"img1230,0"
"img1231,0"
"img1232,0"
"img1233,0"
"img1234,0"
"img1235,0"
"img1236,0"
"img1237,0"
"img1238,0"
"img1239,0"
"img1240,0"
"img1241,0"
"img1242,0"
"img1243,0"
"img1244,0"
"img1245,0"
"img1246,0"
"img1247,0"
"img1248,0"
"img1249,0"
"img1250,0"
"img1251,0"
"img1252,0"
"img1253,0"
"img1254,0"
"img1255,0"
"img1256,0"
"img1257,0"
"img1258,0"
"img1259,0"
"img1260,0"
"img1261,0"
"img1262,0"
"img1263,0"
"img1264,0"
"img1265,0"
"img1266,0"
"img1267,0"
"img1268,0"
"img1269,0"
"img1270,0"
"img1271,0"
"img1272,0"
"img1273,0"
"img1274,0"
"img1275,0"
"img1276,0"
"img1277,0"
"img1278,0"
"img1279,0"
"img1280,0"
"img1281,0"
"img1282,0"
"img1283,0"
"img1284,0"
"img1285,0"
"img1286,0"
"img1287,0"
"img1288,0"
"img1289,0"
"img1290,0"
"img1291,0"
"img1292,0"
"img1293,0"
"img1294,0"
"img1295,0"
"img1296,0"
"img1297,0"
"img1298,0"
"img1299,0"
"img1300,0"
"img1301,0"
"img1302,0"
"img1303,0"
"img1304,0"
"img1305,0"
"img1306,0"
"img1307,0"
"img1308,0"
"img1309,0"
"img1310,0"
"img1311,0"
"img1312,0"
"img1313,0"
"img1314,0"
"img1315,0"
"img1316,0"
"img1317,0"
"img1318,0"
"img1319,0"
"img1320,0"
"img1321,0"
"img1322,0"
"img1323,0"
"img1324,0"
"img1325,0"
"img1326,0"
"img1327,0"
"img1328,0"
"img1329,0"
"img1330,0"
"img1331,0"
"img1332,0"
"img1333,0"
"img1334,0"
"img1335,0"
"img1336,0"
"img1337,0"
"img1338,0"
"img1339,0"
"img1340,0"
"img1341,0"
"img1342,0"
"img1343,0"
"img1344,0"
"img1345,0"
"img1346,0"
"img1347,0"
"img1348,0"
"img1349,0"
"img1350,0"
"img1351,0"
"img1352,0"
"img1353,0"
"img1354,0"
"img1355,0"
"img1356,0"
"img1357,0"
"img1358,0"
"img1359,0"
"img1360,0"
"img1361,0"
"img1362,0"
"img1363,0"
"img1364,0"
"img1365,0"
"img1366,0"
"img1367,0"
"img1368,0"
"img1369,0"
"img1370,0"
"img1371,0"
"img1372,0"
"img1373,0"
"img1374,0"
"img1375,0"
"img1376,0"
"img1377,0"
"img1378,0"
"img1379,0"
"img1380,0"
"img1381,0"
"img1382,0"
"img1383,0"
"img1384,0"
"img1385,0"
"img1386,0"
"img1387,0"
"img1388,0"
"img1389,0"
"img1390,0"
"img1391,0"
"img1392,0"
"img1393,0"
"img1394,0"
"img1395,0"
"img1396,0"
"img1397,0"
"img1398,0"
"img1399,0"
"img1400,0"
"img1401,0"
"img1402,0"
"img1403,0"
"img1404,0"
"img1405,0"
"img1406,0"
"img1407,0"
"img1408,0"
"img1409,0"
"img1410,0"
"img1411,0"
"img1412,0"
"img1413,0"
"img1414,0"
"img1415,0"
"img1416,0"
"img1417,0"
"img1418,0"
"img1419,0"
"img1420,0"
"img1421,0"
"img1422,0"
"img1423,0"
"img1424,0"
"img1425,0"
"img1426,0"
"img1427,0"
"img1428,0"
"img1429,0"
"img1430,0"
"img1431,0"
"img1432,0"
"img1433,0"
"img1434,0"
"img1435,0"
"img1436,0"
"img1437,0"
"img1438,0"
"img1439,0"
"img1440,0"
"img1441,0"
"img1442,0"
"img1443,0"
"img1444,0"
"img1445,0"
"img1446,0"
"img1447,0"
"img1448,0"
"img1449,0"
"img1450,0"
"img1451,0"
"img1452,0"
"img1453,0"
"img1454,0"
"img1455,0"
"img1456,0"
"img1457,0"
"img1458,0"
"img1459,0"
"img1460,0"
"img1461,0"
"img1462,0"
"img1463,0"
"img1464,0"
"img1465,0"
"img1466,0"
"img1467,0"
"img1468,0"
"img1469,0"
"img1470,0"
"img1471,0"
"img1472,0"
"img1473,0"
"img1474,0"
"img1475,0"
"img1476,0"
"img1477,0"
"img1478,0"
"img1479,0"
"img1480,0"
"img1481,0"
"img1482,0"
"img1483,0"
"img1484,0"
"img1485,0"
"img1486,0"
"img1487,0"
"img1488,0"
"img1489,0"
"img1490,0"
"img1491,0"
"img1492,0"
"img1493,0"
"img1494,0"
"img1495,0"
"img1496,0"
"img1497,0"
"img1498,0"
"img1499,0"
"img1500,0"
"img1501,0"
"img1502,0"
"img1503,0"
"img1504,0"
"img1505,0"
"img1506,0"
"img1507,0"
"img1508,0"
"img1509,0"
"img1510,0"
"img1511,0"
"img1512,0"
"img1513,0"
"img1514,0"
"img1515,0"
"img1516,0"
"img1517,0"
"img1518,0"
"img1519,0"
"img1520,0"
"img1521,0"
"img1522,0"
"img1523,0"
"img1524,0"
"img1525,0"
"img1526,0"
"img1527,0"
"img1528,0"
"img1529,0"
"img1530,0"
"img1531,0"
"img1532,0"
"img1533,0"
"img1534,0"
"img1535,0"
"img1536,0"
"img1537,0"
"img1538,0"
"img1539,0"
"img1540,0"
"img1541,0"
"img1542,0"
"img1543,0"
"img1544,0"
"img1545,0"
"img1546,0"
"img1547,0"
"img1548,0"
"img1549,0"
"img1550,0"
"img1551,0"
"img1552,0"
"img1553,0"
"img1554,0"
"img1555,0"
"img1556,0"
"img1557,0"
"img1558,0"
"img1559,0"
"img1560,0"
"img1561,0"
"img1562,0"
"img1563,0"
"img1564,0"
"img1565,0"
"img1566,0"
"img1567,0"
"img1568,0"
"img1569,0"
"img1570,0"
"img1571,0"
"img1572,0"
"img1573,0"
"img1574,0"
"img1575,0"
"img1576,0"
"img1577,0"
"img1578,0"
"img1579,0"
"img1580,0"
"img1581,0"
"img1582,0"
"img1583,0"
"img1584,0"
"img1585,0"
"img1586,0"
"img1587,0"
"img1588,0"
"img1589,0"
"img1590,0"
"img1591,0"
"img1592,0"
"img1593,0"
"img1594,0"
"img1595,0"
"img1596,0"
"img1597,0"
"img1598,0"
"img1599,0"
"img1600,0"
"img1601,0"
"img1602,0"
"img1603,0"
"img1604,0"
"img1605,0"
"img1606,0"
"img1607,0"
"img1608,0"
"img1609,0"
"img1610,0"
"img1611,0"
"img1612,0"
"img1613,0"
"img1614,0"
"img1615,0"
"img1616,0"
"img1617,0"
"img1618,0"
"img1619,0"
"img1620,0"
"img1621,0"
"img1622,0"
"img1623,0"
"img1624,0"
"img1625,0"
"img1626,0"
"img1627,0"
"img1628,0"
"img1629,0"
"img1630,0"
"img1631,0"
"img1632,0"
"img1633,0"
"img1634,0"
"img1635,0"
"img1636,0"
"img1637,0"
"img1638,0"
"img1639,0"
"img1640,0"
"img1641,0"
"img1642,0"
"img1643,0"
"img1644,0"
"img1645,0"
"img1646,0"
"img1647,0"
"img1648,0"
"img1649,0"
"img1650,0"
"img1651,0"
"img1652,0"
"img1653,0"
"img1654,0"
"img1655,0"
"img1656,0"
"img1657,0"
"img1658,0"
"img1659,0"
"img1660,0"
"img1661,0"
"img1662,0"
"img1663,0"
"img1664,0"
"img1665,0"
"img1666,0"
"img1667,0"
"img1668,0"
"img1669,0"
"img1670,0"
"img1671,0"
"img1672,0"
"img1673,0"
"img1674,0"
"img1675,0"
"img1676,0"
"img1677,0"
"img1678,0"
"img1679,0"
"img1680,0"
"img1681,0"
"img1682,0"
"img1683,0"
"img1684,0"
"img1685,0"
"img1686,0"
"img1687,0"
"img1688,0"
"img1689,0"
"img1690,0"
"img1691,0"
"img1692,0"
"img1693,0"
"img1694,0"
"img1695,0"
"img1696,0"
"img1697,0"
"img1698,0"
"img1699,0"
"img1700,0"
"img1701,0"
"img1702,0"
"img1703,0"
"img1704,0"
"img1705,0"
"img1706,0"
"img1707,0"
"img1708,0"
"img1709,0"
"img1710,0"
"img1711,0"
"img1712,0"
"img1713,0"
"img1714,0"
"img1715,0"
"img1716,0"
"img1717,0"
"img1718,0"
"img1719,0"
"img1720,0"
"img1721,0"
"img1722,0"
"img1723,0"
"img1724,0"
"img1725,0"
"img1726,0"
"img1727,0"
"img1728,0"
"img1729,0"
"img1730,0"
"img1731,0"
"img1732,0"
"img1733,0"
"img1734,0"
"img1735,0"
"img1736,0"
"img1737,0"
"img1738,0"
"img1739,0"
"img1740,0"
"img1741,0"
"img1742,0"
"img1743,0"
"img1744,0"
"img1745,0"
"img1746,0"
"img1747,0"
"img1748,0"
"img1749,0"
"img1750,0"
"img1751,0"
"img1752,0"
"img1753,0"
"img1754,0"
"img1755,0"
"img1756,0"
"img1757,0"
"img1758,0"
"img1759,0"
"img1760,0"
"img1761,0"
"img1762,0"
"img1763,0"
"img1764,0"
"img1765,0"
"img1766,0"
"img1767,0"
"img1768,0"
"img1769,0"
"img1770,0"
"img1771,0"
"img1772,0"
"img1773,0"
"img1774,0"
"img1775,0"
"img1776,0"
"img1777,0"
"img1778,0"
"img1779,0"
"img1780,0"
"img1781,0"
"img1782,0"
"img1783,0"
"img1784,0"
"img1785,0"
"img1786,0"
"img1787,0"
"img1788,0"
"img1789,0"
"img1790,0"
"img1791,0"
"img1792,0"
"img1793,0"
"img1794,0"
"img1795,0"
"img1796,0"
"img1797,0"
"img1798,0"
"img1799,0"
"img1800,0"
"img1801,0"
"img1802,0"
"img1803,0"
"img1804,0"
"img1805,0"
"img1806,0"
"img1807,0"
"img1808,0"
"img1809,0"
"img1810,0"
"img1811,0"
"img1812,0"
"img1813,0"
"img1814,0"
"img1815,0"
"img1816,0"
"img1817,0"
"img1818,0"
"img1819,0"
"img1820,0"
"img1821,0"
"img1822,0"
"img1823,0"
"img1824,0"
"img1825,0"
"img1826,0"
"img1827,0"
"img1828,0"
"img1829,0"
"img1830,0"
"img1831,0"
"img1832,0"
"img1833,0"
"img1834,0"
"img1835,0"
"img1836,0"
"img1837,0"
"img1838,0"
"img1839,0"
"img1840,0"
"img1841,0"
"img1842,0"
"img1843,0"
"img1844,0"
"img1845,0"
"img1846,0"
"img1847,0"
"img1848,0"
"img1849,0"
"img1850,0"
"img1851,0"
"img1852,0"
"img1853,0"
"img1854,0"
"img1855,0"
"img1856,0"
"img1857,0"
"img1858,0"
"img1859,0"
"img1860,0"
"img1861,0"
"img1862,0"
"img1863,0"
"img1864,0"
"img1865,0"
"img1866,0"
"img1867,0"
"img1868,0"
"img1869,0"
"img1870,0"
"img1871,0"
"img1872,0"
"img1873,0"
"img1874,0"
"img1875,0"
"img1876,0"
"img1877,0"
"img1878,0"
"img1879,0"
"img1880,0"
"img1881,0"
"img1882,0"
"img1883,0"
"img1884,0"
"img1885,0"
"img1886,0"
"img1887,0"
"img1888,0"
"img1889,0"
"img1890,0"
"img1891,0"
"img1892,0"
"img1893,0"
"img1894,0"
"img1895,0"
"img1896,0"
"img1897,0"
"img1898,0"
"img1899,0"
"img1900,0"
"img1901,0"
"img1902,0"
"img1903,0"
"img1904,0"
"img1905,0"
"img1906,0"
"img1907,0"
"img1908,0"
"img1909,0"
"img1910,0"
"img1911,0"
"img1912,0"
"img1913,0"
"img1914,0"
"img1915,0"
"img1916,0"
"img1917,0"
"img1918,0"
"img1919,0"
"img1920,0"
"img1921,0"
"img1922,0"
"img1923,0"
"img1924,0"
"img1925,0"
"img1926,0"
"img1927,0"
"img1928,0"
"img1929,0"
"img1930,0"
"img1931,0"
"img1932,0"
"img1933,0"
"img1934,0"
"img1935,0"
"img1936,0"
"img1937,0"
"img1938,0"
"img1939,0"
"img1940,0"
"img1941,0"
"img1942,0"
"img1943,0"
"img1944,0"
"img1945,0"
"img1946,0"
"img1947,0"
"img1948,0"
"img1949,0"
"img1950,0"
"img1951,0"
"img1952,0"
"img1953,0"
"img1954,0"
"img1955,0"
"img1956,0"
"img1957,0"
"img1958,0"
"img1959,0"
"img1960,0"
"img1961,0"
"img1962,0"
"img1963,0"
"img1964,0"
"img1965,0"
"img1966,0"
"img1967,0"
"img1968,0"
"img1969,0"
"img1970,0"
"img1971,0"
"img1972,0"
"img1973,0"
"img1974,0"
"img1975,0"
"img1976,0"
"img1977,0"
"img1978,0"
"img1979,0"
"img1980,0"
"img1981,0"
"img1982,0"
"img1983,0"
"img1984,0"
"img1985,0"
"img1986,0"
"img1987,0"
"img1988,0"
"img1989,0"
"img1990,0"
"img1991,0"
"img1992,0"
"img1993,0"
"img1994,0"
"img1995,0"
"img1996,0"
"img1997,0"
"img1998,0"
"img1999,0"
"img2000,0"
"img2001,0"
"img2002,0"
"img2003,0"
"img2004,0"
"img2005,0"
"img2006,0"
"img2007,0"
"img2008,0"
"img2009,0"
"img2010,0"
"img2011,0"
"img2012,0"
"img2013,0"
"img2014,0"
"img2015,0"
"img2016,0"
"img2017,0"
"img2018,0"
"img2019,0"
"img2020,0"
"img2021,0"
"img2022,0"
"img2023,0"
"img2024,0"
"img2025,0"
"img2026,0"
"img2027,0"
"img2028,0"
"img2029,0"
"img2030,0"
"img2031,0"
"img2032,0"
"img2033,0"
"img2034,0"
"img2035,0"
"img2036,0"
"img2037,0"
"img2038,0"
"img2039,0"
"img2040,0"
"img2041,0"
"img2042,0"
"img2043,0"
"img2044,0"
"img2045,0"
"img2046,0"
"img2047,0"
"img2048,0"
"img2049,0"
"img2050,0"
"img2051,0"
"img2052,0"
"img2053,0"
"img2054,0"
"img2055,0"
"img2056,0"
"img2057,0"
"img2058,0"
"img2059,0"
"img2060,0"
"img2061,0"
"img2062,0"
"img2063,0"
"img2064,0"
"img2065,0"
"img2066,0"
"img2067,0"
"img2068,0"
"img2069,0"
"img2070,0"
"img2071,0"
"img2072,0"
"img2073,0"
"img2074,0"
"img2075,0"
"img2076,0"
"img2077,0"
"img2078,0"
"img2079,0"
"img2080,0"
"img2081,0"
"img2082,0"
"img2083,0"
"img2084,0"
"img2085,0"
"img2086,0"
"img2087,0"
"img2088,0"
"img2089,0"
"img2090,0"
"img2091,0"
"img2092,0"
"img2093,0"
"img2094,0"
"img2095,0"
"img2096,0"
"img2097,0"
"img2098,0"
"img2099,0"
"img2100,0"
"img2101,0"
"img2102,0"
"img2103,0"
"img2104,0"
"img2105,0"
"img2106,0"
"img2107,0"
"img2108,0"
"img2109,0"
"img2110,0"
"img2111,0"
"img2112,0"
"img2113,0"
"img2114,0"
"img2115,0"
"img2116,0"
"img2117,0"
"img2118,0"
"img2119,0"
"img2120,0"
"img2121,0"
"img2122,0"
"img2123,0"
"img2124,0"
"img2125,0"
"img2126,0"
"img2127,0"
"img2128,0"
"img2129,0"
"img2130,0"
"img2131,0"
"img2132,0"
"img2133,0"
"img2134,0"
"img2135,0"
"img2136,0"
"img2137,0"
"img2138,0"
"img2139,0"
"img2140,0"
"img2141,0"
"img2142,0"
"img2143,0"
"img2144,0"
"img2145,0"
"img2146,0"
"img2147,0"
"img2148,0"
"img2149,0"
"img2150,0"
"img2151,0"
"img2152,0"
"img2153,0"
"img2154,0"
"img2155,0"
"img2156,0"
"img2157,0"
"img2158,0"
"img2159,0"
"img2160,0"
"img2161,0"
"img2162,0"
"img2163,0"
"img2164,0"
"img2165,0"
"img2166,0"
"img2167,0"
"img2168,0"
"img2169,0"
"img2170,0"
"img2171,0"
"img2172,0"
"img2173,0"
"img2174,0"
"img2175,0"
"img2176,0"
"img2177,0"
"img2178,0"
"img2179,0"
"img2180,0"
"img2181,0"
"img2182,0"
"img2183,0"
"img2184,0"
"img2185,0"
"img2186,0"
"img2187,0"
"img2188,0"
"img2189,0"
"img2190,0"
"img2191,0"
"img2192,0"
"img2193,0"
"img2194,0"
"img2195,0"
"img2196,0"
"img2197,0"
"img2198,0"
"img2199,0"
"img2200,0"
"img2201,0"
"img2202,0"
"img2203,0"
"img2204,0"
"img2205,0"
"img2206,0"
"img2207,0"
"img2208,0"
"img2209,0"
"img2210,0"
"img2211,0"
"img2212,0"
"img2213,0"
"img2214,0"
"img2215,0"
"img2216,0"
"img2217,0"
"img2218,0"
"img2219,0"
"img2220,0"
"img2221,0"
"img2222,0"
"img2223,0"
"img2224,0"
"img2225,0"
"img2226,0"
"img2227,0"
"img2228,0"
"img2229,0"
"img2230,0"
"img2231,0"
"img2232,0"
"img2233,0"
"img2234,0"
"img2235,0"
"img2236,0"
"img2237,0"
"img2238,0"
"img2239,0"
"img2240,0"
"img2241,0"
"img2242,0"
"img2243,0"
"img2244,0"
"img2245,0"
"img2246,0"
"img2247,0"
"img2248,0"
"img2249,0"
"img2250,0"
"img2251,0"
"img2252,0"
"img2253,0"
"img2254,0"
"img2255,0"
"img2256,0"
"img2257,0"
"img2258,0"
"img2259,0"
"img2260,0"
"img2261,0"
"img2262,0"
"img2263,0"
"img2264,0"
"img2265,0"
"img2266,0"
"img2267,0"
"img2268,0"
"img2269,0"
"img2270,0"
"img2271,0"
"img2272,0"
"img2273,0"
"img2274,0"
"img2275,0"
"img2276,0"
"img2277,0"
"img2278,0"
"img2279,0"
"img2280,0"
"img2281,0"
"img2282,0"
"img2283,0"
"img2284,0"
"img2285,0"
"img2286,0"
"img2287,0"
"img2288,0"
"img2289,0"
"img2290,0"
"img2291,0"
"img2292,0"
"img2293,0"
"img2294,0"
"img2295,0"
"img2296,0"
"img2297,0"
"img2298,0"
"img2299,0"
"img2300,0"
"img2301,0"
"img2302,0"
"img2303,0"
"img2304,0"
"img2305,0"
"img2306,0"
"img2307,0"
"img2308,0"
"img2309,0"
"img2310,0"
"img2311,0"
"img2312,0"
"img2313,0"
"img2314,0"
"img2315,0"
"img2316,0"
"img2317,0"
"img2318,0"
"img2319,0"
"img2320,0"
"img2321,0"
"img2322,0"
"img2323,0"
"img2324,0"
"img2325,0"
"img2326,0"
"img2327,0"
"img2328,0"
"img2329,0"
"img2330,0"
"img2331,0"
"img2332,0"
"img2333,0"
"img2334,0"
"img2335,0"
"img2336,0"
"img2337,0"
"img2338,0"
"img2339,0"
"img2340,0"
"img2341,0"
"img2342,0"
"img2343,0"
"img2344,0"
"img2345,0"
"img2346,0"
"img2347,0"
"img2348,0"
"img2349,0"
"img2350,0"
"img2351,0"
"img2352,0"
"img2353,0"
"img2354,0"
"img2355,0"
"img2356,0"
"img2357,0"
"img2358,0"
"img2359,0"
"img2360,0"
"img2361,0"
"img2362,0"
"img2363,0"
"img2364,0"
"img2365,0"
"img2366,0"
"img2367,0"
"img2368,0"
"img2369,0"
"img2370,0"
"img2371,0"
"img2372,0"
"img2373,0"
"img2374,0"
"img2375,0"
"img2376,0"
"img2377,0"
"img2378,0"
"img2379,0"
"img2380,0"
"img2381,0"
"img2382,0"
"img2383,0"
"img2384,0"
"img2385,0"
"img2386,0"
"img2387,0"
"img2388,0"
"img2389,0"
"img2390,0"
"img2391,0"
"img2392,0"
"img2393,0"
"img2394,0"
"img2395,0"
"img2396,0"
"img2397,0"
"img2398,0"
"img2399,0"
"img2400,0"
"img2401,0"
"img2402,0"
"img2403,0"
"img2404,0"
"img2405,0"
"img2406,0"
"img2407,0"
"img2408,0"
"img2409,0"
"img2410,0"
"img2411,0"
"img2412,0"
"img2413,0"
"img2414,0"
"img2415,0"
"img2416,0"
"img2417,0"
"img2418,0"
"img2419,0"
"img2420,0"
"img2421,0"
"img2422,0"
"img2423,0"
"img2424,0"
"img2425,0"
"img2426,0"
"img2427,0"
"img2428,0"
"img2429,0"
"img2430,0"
"img2431,0"
"img2432,0"
"img2433,0"
"img2434,0"
"img2435,0"
"img2436,0"
"img2437,0"
"img2438,0"
"img2439,0"
"img2440,0"
"img2441,0"
"img2442,0"
"img2443,0"
"img2444,0"
"img2445,0"
"img2446,0"
"img2447,0"
"img2448,0"
"img2449,0"
"img2450,0"
"img2451,0"
"img2452,0"
"img2453,0"
"img2454,0"
"img2455,0"
"img2456,0"
"img2457,0"
"img2458,0"
"img2459,0"
"img2460,0"
"img2461,0"
"img2462,0"
"img2463,0"
"img2464,0"
"img2465,0"
"img2466,0"
"img2467,0"
"img2468,0"
"img2469,0"
"img2470,0"
"img2471,0"
"img2472,0"
"img2473,0"
"img2474,0"
"img2475,0"
"img2476,0"
"img2477,0"
"img2478,0"
"img2479,0"
"img2480,0"
"img2481,0"
"img2482,0"
"img2483,0"
"img2484,0"
"img2485,0"
"img2486,0"
"img2487,0"
"img2488,0"
"img2489,0"
"img2490,0"
"img2491,0"
"img2492,0"
"img2493,0"
"img2494,0"
"img2495,0"
"img2496,0"
"img2497,0"
"img2498,0"
"img2499,0"
"img2500,0"
"img2501,0"
"img2502,0"
"img2503,0"
"img2504,0"
"img2505,0"
"img2506,0"
"img2507,0"
"img2508,0"
"img2509,0"
"img2510,0"
"img2511,0"
"img2512,0"
"img2513,0"
"img2514,0"
"img2515,0"
"img2516,0"
"img2517,0"
"img2518,0"
"img2519,0"
"img2520,0"
"img2521,0"
"img2522,0"
"img2523,0"
"img2524,0"
"img2525,0"
"img2526,0"
"img2527,0"
"img2528,0"
"img2529,0"
"img2530,0"
"img2531,0"
"img2532,0"
"img2533,0"
"img2534,0"
"img2535,0"
"img2536,0"
"img2537,0"
"img2538,0"
"img2539,0"
"img2540,0"
"img2541,0"
"img2542,0"
"img2543,0"
"img2544,0"
"img2545,0"
"img2546,0"
"img2547,0"
"img2548,0"
"img2549,0"
"img2550,0"
"img2551,0"
"img2552,0"
"img2553,0"
"img2554,0"
"img2555,0"
"img2556,0"
"img2557,0"
"img2558,0"
"img2559,0"
"img2560,0"
"img2561,0"
"img2562,0"
"img2563,0"
"img2564,0"
"img2565,0"
"img2566,0"
"img2567,0"
"img2568,0"
"img2569,0"
"img2570,0"
"img2571,0"
"img2572,0"
"img2573,0"
"img2574,0"
"img2575,0"
"img2576,0"
"img2577,0"
"img2578,0"
"img2579,0"
"img2580,0"
"img2581,0"
"img2582,0"
"img2583,0"
"img2584,0"
"img2585,0"
"img2586,0"
"img2587,0"
"img2588,0"
"img2589,0"
"img2590,0"
"img2591,0"
"img2592,0"
"img2593,0"
"img2594,0"
"img2595,0"
"img2596,0"
"img2597,0"
"img2598,0"
"img2599,0"
"img2600,0"
"img2601,0"
"img2602,0"
"img2603,0"
"img2604,0"
"img2605,0"
"img2606,0"
"img2607,0"
"img2608,0"
"img2609,0"
"img2610,0"
"img2611,0"
"img2612,0"
"img2613,0"
"img2614,0"
"img2615,0"
"img2616,0"
"img2617,0"
"img2618,0"
"img2619,0"
"img2620,0"
"img2621,0"
"img2622,0"
"img2623,0"
"img2624,0"
"img2625,0"
"img2626,0"
"img2627,0"
"img2628,0"
"img2629,0"
"img2630,0"
"img2631,0"
"img2632,0"
"img2633,0"
"img2634,0"
"img2635,0"
"img2636,0"
"img2637,0"
"img2638,0"
"img2639,0"
"img2640,0"
"img2641,0"
"img2642,0"
"img2643,0"
"img2644,0"
"img2645,0"
"img2646,0"
"img2647,0"
"img2648,0"
"img2649,0"
"img2650,0"
"img2651,0"
"img2652,0"
"img2653,0"
"img2654,0"
"img2655,0"
"img2656,0"
"img2657,0"
"img2658,0"
"img2659,0"
"img2660,0"
"img2661,0"
"img2662,0"
"img2663,0"
"img2664,0"
"img2665,0"
"img2666,0"
"img2667,0"
"img2668,0"
"img2669,0"
"img2670,0"
"img2671,0"
"img2672,0"
"img2673,0"
"img2674,0"
"img2675,0"
"img2676,0"
"img2677,0"
"img2678,0"
"img2679,0"
"img2680,0"
"img2681,0"
"img2682,0"
"img2683,0"
"img2684,0"
"img2685,0"
"img2686,0"
"img2687,0"
"img2688,0"
"img2689,0"
"img2690,0"
"img2691,0"
"img2692,0"
"img2693,0"
"img2694,0"
"img2695,0"
"img2696,0"
"img2697,0"
"img2698,0"
"img2699,0"
"img2700,0"
"img2701,0"
"img2702,0"
"img2703,0"
"img2704,0"
"img2705,0"
"img2706,0"
"img2707,0"
"img2708,0"
"img2709,0"
"img2710,0"
"img2711,0"
"img2712,0"
"img2713,0"
"img2714,0"
"img2715,0"
"img2716,0"
"img2717,0"
"img2718,0"
"img2719,0"
"img2720,0"
"img2721,0"
"img2722,0"
"img2723,0"
"img2724,0"
"img2725,0"
"img2726,0"
"img2727,0"
"img2728,0"
"img2729,0"
"img2730,0"
"img2731,0"
"img2732,0"
"img2733,0"
"img2734,0"
"img2735,0"
"img2736,0"
"img2737,0"
"img2738,0"
"img2739,0"
"img2740,0"
"img2741,0"
"img2742,0"
"img2743,0"
"img2744,0"
"img2745,0"
"img2746,0"
"img2747,0"
"img2748,0"
"img2749,0"
"img2750,0"
"img2751,0"
"img2752,0"
"img2753,0"
"img2754,0"
"img2755,0"
"img2756,0"
"img2757,0"
"img2758,0"
"img2759,0"
"img2760,0"
"img2761,0"
"img2762,0"
"img2763,0"
"img2764,0"
"img2765,0"
"img2766,0"
"img2767,0"
"img2768,0"
"img2769,0"
"img2770,0"
"img2771,0"
"img2772,0"
"img2773,0"
"img2774,0"
"img2775,0"
"img2776,0"
"img2777,0"
"img2778,0"
"img2779,0"
"img2780,0"
"img2781,0"
"img2782,0"
"img2783,0"
"img2784,0"
"img2785,0"
"img2786,0"
"img2787,0"
"img2788,0"
"img2789,0"
"img2790,0"
"img2791,0"
"img2792,0"
"img2793,0"
"img2794,0"
"img2795,0"
"img2796,0"
"img2797,0"
"img2798,0"
"img2799,0"
"img2800,0"
"img2801,0"
"img2802,0"
"img2803,0"
"img2804,0"
"img2805,0"
"img2806,0"
"img2807,0"
"img2808,0"
"img2809,0"
"img2810,0"
"img2811,0"
"img2812,0"
"img2813,0"
"img2814,0"
"img2815,0"
"img2816,0"
"img2817,0"
"img2818,0"
"img2819,0"
"img2820,0"
"img2821,0"
"img2822,0"
"img2823,0"
"img2824,0"
"img2825,0"
"img2826,0"
"img2827,0"
"img2828,0"
"img2829,0"
"img2830,0"
"img2831,0"
"img2832,0"
"img2833,0"
"img2834,0"
"img2835,0"
"img2836,0"
"img2837,0"
"img2838,0"
"img2839,0"
"img2840,0"
"img2841,0"
"img2842,0"
"img2843,0"
"img2844,0"
"img2845,0"
"img2846,0"
"img2847,0"
"img2848,0"
"img2849,0"
"img2850,0"
"img2851,0"
"img2852,0"
"img2853,0"
"img2854,0"
"img2855,0"
"img2856,0"
"img2857,0"
"img2858,0"
"img2859,0"
"img2860,0"
"img2861,0"
"img2862,0"
"img2863,0"
"img2864,0"
"img2865,0"
"img2866,0"
"img2867,0"
"img2868,0"
"img2869,0"
"img2870,0"
"img2871,0"
"img2872,0"
"img2873,0"
"img2874,0"
"img2875,0"
"img2876,0"
"img2877,0"
"img2878,0"
"img2879,0"
"img2880,0"
"img2881,0"
"img2882,0"
"img2883,0"
"img2884,0"
"img2885,0"
"img2886,0"
"img2887,0"
"img2888,0"
"img2889,0"
"img2890,0"
"img2891,0"
"img2892,0"
"img2893,0"
"img2894,0"
"img2895,0"
"img2896,0"
"img2897,0"
"img2898,0"
"img2899,0"
"img2900,0"
"img2901,0"
"img2902,0"
"img2903,0"
"img2904,0"
"img2905,0"
"img2906,0"
"img2907,0"
"img2908,0"
"img2909,0"
"img2910,0"
"img2911,0"
"img2912,0"
"img2913,0"
"img2914,0"
"img2915,0"
"img2916,0"
"img2917,0"
"img2918,0"
"img2919,0"
"img2920,0"
"img2921,0"
"img2922,0"
"img2923,0"
"img2924,0"
"img2925,0"
"img2926,0"
"img2927,0"
"img2928,0"
"img2929,0"
"img2930,0"
"img2931,0"
"img2932,0"
"img2933,0"
"img2934,0"
"img2935,0"
"img2936,0"
"img2937,0"
"img2938,0"
"img2939,0"
"img2940,0"
"img2941,0"
"img2942,0"
"img2943,0"
"img2944,0"
"img2945,0"
"img2946,0"
"img2947,0"
"img2948,0"
"img2949,0"
"img2950,0"
"img2951,0"
"img2952,0"
"img2953,0"
"img2954,0"
"img2955,0"
"img2956,0"
"img2957,0"
"img2958,0"
"img2959,0"
"img2960,0"
"img2961,0"
"img2962,0"
"img2963,0"
"img2964,0"
"img2965,0"
"img2966,0"
"img2967,0"
"img2968,0"
"img2969,0"
"img2970,0"
"img2971,0"
"img2972,0"
"img2973,0"
"img2974,0"
"img2975,0"
"img2976,0"
"img2977,0"
"img2978,0"
"img2979,0"
"img2980,0"
"img2981,0"
"img2982,0"
"img2983,0"
"img2984,0"
"img2985,0"
"img2986,0"
"img2987,0"
"img2988,0"
"img2989,0"
"img2990,0"
"img2991,0"
"img2992,0"
"img2993,0"
"img2994,0"
"img2995,0"
"img2996,0"
"img2997,0"
"img2998,0"
"img2999,0"
"img3000,0"
"img3001,0"
"img3002,0"
"img3003,0"
"img3004,0"
"img3005,0"
"img3006,0"
"img3007,0"
"img3008,0"
"img3009,0"
"img3010,0"
"img3011,0"
"img3012,0"
"img3013,0"
"img3014,0"
"img3015,0"
"img3016,0"
"img3017,0"
"img3018,0"
"img3019,0"
"img3020,0"
"img3021,0"
"img3022,0"
"img3023,0"
"img3024,0"
"img3025,0"
"img3026,0"
"img3027,0"
"img3028,0"
"img3029,0"
"img3030,0"
"img3031,0"
"img3032,0"
"img3033,0"
"img3034,0"
"img3035,0"
"img3036,0"
"img3037,0"
"img3038,0"
"img3039,0"
"img3040,0"
"img3041,0"
"img3042,0"
"img3043,0"
"img3044,0"
"img3045,0"
"img3046,0"
"img3047,0"
"img3048,0"
"img3049,0"
"img3050,0"
"img3051,0"
"img3052,0"
"img3053,0"
"img3054,0"
"img3055,0"
"img3056,0"
"img3057,0"
"img3058,0"
"img3059,0"
"img3060,0"
"img3061,0"
"img3062,0"
"img3063,0"
"img3064,0"
"img3065,0"
"img3066,0"
"img3067,0"
"img3068,0"
"img3069,0"
"img3070,0"
"img3071,0"
"img3072,0"
"img3073,0"
"img3074,0"
"img3075,0"
"img3076,0"
"img3077,0"
"img3078,0"
"img3079,0"
"img3080,0"
"img3081,0"
"img3082,0"
"img3083,0"
"img3084,0"
"img3085,0"
"img3086,0"
"img3087,0"
"img3088,0"
"img3089,0"
"img3090,0"
"img3091,0"
"img3092,0"
"img3093,0"
"img3094,0"
"img3095,0"
"img3096,0"
"img3097,0"
"img3098,0"
"img3099,0"
"img3100,0"
"img3101,0"
"img3102,0"
"img3103,0"
"img3104,0"
"img3105,0"
"img3106,0"
"img3107,0"
"img3108,0"
"img3109,0"
"img3110,0"
"img3111,0"
"img3112,0"
"img3113,0"
"img3114,0"
"img3115,0"
"img3116,0"
"img3117,0"
"img3118,0"
"img3119,0"
"img3120,0"
"img3121,0"
"img3122,0"
"img3123,0"
"img3124,0"
"img3125,0"
"img3126,0"
"img3127,0"
"img3128,0"
"img3129,0"
"img3130,0"
"img3131,0"
"img3132,0"
"img3133,0"
"img3134,0"
"img3135,0"
"img3136,0"
"img3137,0"
"img3138,0"
"img3139,0"
"img3140,0"
"img3141,0"
"img3142,0"
"img3143,0"
